{"corners":{"ff622992-5290-790a-68cc-56d538307129":{"x":-601.472,"y":184.912},"96287845-a7dd-2e44-93d4-4b2ba71c629a":{"x":-601.472,"y":1369.568},"75945323-c4b9-7209-5e2e-e0a7ac920379":{"x":3391.408,"y":1369.568},"33d16b12-6587-0bd6-c6fe-6dccb252c05b":{"x":3391.408,"y":184.912},"f6a7e11c-d6b6-5c46-0b7a-7e1bf70845f1":{"x":451.104,"y":184.912},"f73c79e9-413e-9d02-2a66-fdd44b56e748":{"x":-601.472,"y":853.44},"3dac98d4-87c7-300d-5993-e8fcebbcf0f8":{"x":1109.472,"y":853.44},"5bca32f7-fdb7-e4b2-68db-c44109d4f807":{"x":1109.472,"y":1369.568},"15faa94c-0f27-4fb5-fd37-f6573548bb5d":{"x":1542.288,"y":1369.568},"6504972c-1c83-f46d-1aa0-411396517578":{"x":1542.288,"y":857.504},"0f61014e-62ef-c4ab-ed61-7f01eb4dcc60":{"x":3391.408,"y":857.504},"aad3d67d-f652-7717-f5a3-510ec98727d5":{"x":-601.472,"y":694.9440000000008},"b6548d2b-40b1-607e-91bb-2d00ae78cc4b":{"x":3391.408,"y":694.9440000000008},"9e60bdd6-2b22-b00b-a1cb-2a48185e56a6":{"x":2168.1440000000002,"y":857.504},"f67c6763-cd68-a293-6669-6564a742929f":{"x":2168.1440000000002,"y":1369.568},"220f8c0a-48a9-65e3-0d34-60d1dc9bfab0":{"x":235.712,"y":853.44},"b65491c2-3885-729d-9f50-7396da5a7151":{"x":235.712,"y":1369.568},"b9055901-bb6f-ae47-b003-36ba53183609":{"x":231.64800000000002,"y":694.9440000000008},"d260da00-9b40-9f06-e361-2e4efbbf59d8":{"x":231.64800000000014,"y":184.912},"31f6b81c-a721-61d5-53b4-24b2c1b88233":{"x":1121.664,"y":694.9440000000008},"5551c52e-213b-4bdf-967f-5a08e5ba14bf":{"x":1121.6640000000002,"y":184.912},"73042720-6c0f-0741-61d4-29f8167c2399":{"x":1538.224,"y":694.9440000000008},"ab8576d8-77be-ac20-97a2-d09e089635aa":{"x":1538.224,"y":184.912},"b1838398-c6d8-4a58-fa28-1395a5b46204":{"x":2495.2960000000003,"y":694.9440000000008},"b9528d9c-b910-f59d-87b4-95e1e54d1170":{"x":2495.2960000000003,"y":184.912},"8bd24f23-4c7c-8f0c-c33a-d861cf3e853b":{"x":1938.5279999999998,"y":857.504},"9842dccb-89e3-bff7-b4e1-81360592caab":{"x":1822.704,"y":857.504},"ff2c3bad-2ff8-87ce-7c05-ddab7cbe81d8":{"x":2348.992,"y":857.504},"4be47cf1-a0bb-3860-9dd4-b08529367ba2":{"x":2456.688,"y":857.504},"f2d93b10-ca33-4f34-bc81-ac2d6bd59e79":{"x":2871.216,"y":694.9440000000008},"7bd595f7-2885-60e3-2202-5bb517d26117":{"x":2980.944,"y":694.9440000000008},"604f85b4-c4d2-790e-d944-bb8c594a5747":{"x":2972.816,"y":857.504},"bcb7f3eb-8a66-121a-cf67-a2476398301d":{"x":3078.48,"y":857.504},"ade5f184-ded7-940c-d033-a7b2039e501d":{"x":1954.784,"y":694.9440000000008},"ff96384e-3091-8aee-3415-e122f1880a4a":{"x":2064.5119999999997,"y":694.9440000000008},"4a4cee3b-fd53-7507-12c1-e65985bc5c5e":{"x":1278.128,"y":694.9440000000008},"3a4572d4-07a5-9f65-13e8-aaa59df71b2b":{"x":1383.792,"y":694.9440000000008},"ded26508-11a5-1050-ca59-0ceba0139d5e":{"x":595.376,"y":694.9440000000008},"472f46dd-76b2-9e86-c26c-1c9ddd2143d4":{"x":711.2,"y":694.9440000000008},"6d281a49-c6a5-991e-9f82-342eb192f414":{"x":581.152,"y":853.44},"4ee0f5f1-33e2-a084-3ddf-9a082c676c06":{"x":696.9760000000001,"y":853.44},"72b7320c-714c-86f0-2af3-eb2a2015507f":{"x":-256.0319999999999,"y":694.9440000000008},"960b9952-d296-dfc8-bf28-9685a9f8a4c1":{"x":-140.20799999999997,"y":694.9440000000008},"6608faa9-2e2c-e6c8-ebe2-af5261170171":{"x":-251.96799999999996,"y":853.44},"ed4e2999-9993-71be-f341-20b35b90b729":{"x":-150.36799999999994,"y":853.44}},"walls":[{"corner1":"ff622992-5290-790a-68cc-56d538307129","corner2":"aad3d67d-f652-7717-f5a3-510ec98727d5","frontTexture":{"url":"data/textures/wallmap.png","stretch":true,"scale":0},"backTexture":{"url":"data/textures/wallmap.png","stretch":true,"scale":0}},{"corner1":"96287845-a7dd-2e44-93d4-4b2ba71c629a","corner2":"b65491c2-3885-729d-9f50-7396da5a7151","frontTexture":{"url":"data/textures/wallmap.png","stretch":true,"scale":0},"backTexture":{"url":"data/textures/wallmap.png","stretch":true,"scale":0}},{"corner1":"75945323-c4b9-7209-5e2e-e0a7ac920379","corner2":"0f61014e-62ef-c4ab-ed61-7f01eb4dcc60","frontTexture":{"url":"data/textures/wallmap.png","stretch":true,"scale":0},"backTexture":{"url":"data/textures/wallmap.png","stretch":true,"scale":0}},{"corner1":"33d16b12-6587-0bd6-c6fe-6dccb252c05b","corner2":"b9528d9c-b910-f59d-87b4-95e1e54d1170","frontTexture":{"url":"data/textures/wallmap.png","stretch":true,"scale":0},"backTexture":{"url":"data/textures/wallmap.png","stretch":true,"scale":0}},{"corner1":"f73c79e9-413e-9d02-2a66-fdd44b56e748","corner2":"96287845-a7dd-2e44-93d4-4b2ba71c629a","frontTexture":{"url":"data/textures/wallmap.png","stretch":true,"scale":0},"backTexture":{"url":"data/textures/wallmap.png","stretch":true,"scale":0}},{"corner1":"f73c79e9-413e-9d02-2a66-fdd44b56e748","corner2":"6608faa9-2e2c-e6c8-ebe2-af5261170171","frontTexture":{"url":"data/textures/wallmap.png","stretch":true,"scale":0},"backTexture":{"url":"data/textures/wallmap.png","stretch":true,"scale":0}},{"corner1":"3dac98d4-87c7-300d-5993-e8fcebbcf0f8","corner2":"5bca32f7-fdb7-e4b2-68db-c44109d4f807","frontTexture":{"url":"data/textures/wallmap.png","stretch":true,"scale":0},"backTexture":{"url":"data/textures/wallmap.png","stretch":true,"scale":0}},{"corner1":"5bca32f7-fdb7-e4b2-68db-c44109d4f807","corner2":"15faa94c-0f27-4fb5-fd37-f6573548bb5d","frontTexture":{"url":"data/textures/wallmap.png","stretch":true,"scale":0},"backTexture":{"url":"data/textures/wallmap.png","stretch":true,"scale":0}},{"corner1":"15faa94c-0f27-4fb5-fd37-f6573548bb5d","corner2":"f67c6763-cd68-a293-6669-6564a742929f","frontTexture":{"url":"data/textures/wallmap.png","stretch":true,"scale":0},"backTexture":{"url":"data/textures/wallmap.png","stretch":true,"scale":0}},{"corner1":"15faa94c-0f27-4fb5-fd37-f6573548bb5d","corner2":"6504972c-1c83-f46d-1aa0-411396517578","frontTexture":{"url":"data/textures/wallmap.png","stretch":true,"scale":0},"backTexture":{"url":"data/textures/wallmap.png","stretch":true,"scale":0}},{"corner1":"6504972c-1c83-f46d-1aa0-411396517578","corner2":"9842dccb-89e3-bff7-b4e1-81360592caab","frontTexture":{"url":"data/textures/wallmap.png","stretch":true,"scale":0},"backTexture":{"url":"data/textures/wallmap.png","stretch":true,"scale":0}},{"corner1":"0f61014e-62ef-c4ab-ed61-7f01eb4dcc60","corner2":"b6548d2b-40b1-607e-91bb-2d00ae78cc4b","frontTexture":{"url":"data/textures/wallmap.png","stretch":true,"scale":0},"backTexture":{"url":"data/textures/wallmap.png","stretch":true,"scale":0}},{"corner1":"aad3d67d-f652-7717-f5a3-510ec98727d5","corner2":"f73c79e9-413e-9d02-2a66-fdd44b56e748","frontTexture":{"url":"data/textures/wallmap.png","stretch":true,"scale":0},"backTexture":{"url":"data/textures/wallmap.png","stretch":true,"scale":0}},{"corner1":"aad3d67d-f652-7717-f5a3-510ec98727d5","corner2":"72b7320c-714c-86f0-2af3-eb2a2015507f","frontTexture":{"url":"data/textures/wallmap.png","stretch":true,"scale":0},"backTexture":{"url":"data/textures/wallmap.png","stretch":true,"scale":0}},{"corner1":"b6548d2b-40b1-607e-91bb-2d00ae78cc4b","corner2":"33d16b12-6587-0bd6-c6fe-6dccb252c05b","frontTexture":{"url":"data/textures/wallmap.png","stretch":true,"scale":0},"backTexture":{"url":"data/textures/wallmap.png","stretch":true,"scale":0}},{"corner1":"9e60bdd6-2b22-b00b-a1cb-2a48185e56a6","corner2":"ff2c3bad-2ff8-87ce-7c05-ddab7cbe81d8","frontTexture":{"url":"data/textures/wallmap.png","stretch":true,"scale":0},"backTexture":{"url":"data/textures/wallmap.png","stretch":true,"scale":0}},{"corner1":"9e60bdd6-2b22-b00b-a1cb-2a48185e56a6","corner2":"f67c6763-cd68-a293-6669-6564a742929f","frontTexture":{"url":"data/textures/wallmap.png","stretch":true,"scale":0},"backTexture":{"url":"data/textures/wallmap.png","stretch":true,"scale":0}},{"corner1":"f67c6763-cd68-a293-6669-6564a742929f","corner2":"75945323-c4b9-7209-5e2e-e0a7ac920379","frontTexture":{"url":"data/textures/wallmap.png","stretch":true,"scale":0},"backTexture":{"url":"data/textures/wallmap.png","stretch":true,"scale":0}},{"corner1":"220f8c0a-48a9-65e3-0d34-60d1dc9bfab0","corner2":"6d281a49-c6a5-991e-9f82-342eb192f414","frontTexture":{"url":"data/textures/wallmap.png","stretch":true,"scale":0},